target,feature,n_tracks,pearson_r,pearson_p_approx,spearman_r,spearman_p_approx,abs_pearson_r
istc_mean_max_unique_per_sec,Mel_subband_amplitude_mean_7,24,-0.4706149526600587,0.0310346108635613,-0.3017391304347826,0.1667438644429498,0.4706149526600587
istc_mean_max_unique_per_sec,spectral_mfcc_Std_6,24,-0.3427503840419573,0.1162570948260655,-0.3565217391304348,0.1023034030432323,0.3427503840419573
istc_mean_max_unique_per_sec,spectral_ddmfcc_Mean_6,24,-0.3427095375441487,0.1163006017797338,-0.3165217391304347,0.1469233668657366,0.3427095375441487
istc_mean_max_unique_per_sec,spectral_irregularity_Mean,24,0.3182438005655914,0.1447368480328161,0.3608695652173913,0.0981860232364614,0.3182438005655914
istc_mean_max_unique_per_sec,Mel_subband_amplitude_std_14,24,-0.2982755497417509,0.1716659675619611,-0.3991304347826086,0.0673928028924651,0.2982755497417509
istc_mean_max_unique_per_sec,rhythm_tempo_Std,24,-0.2973395968039654,0.1730145341760867,-0.348695652173913,0.1100598429924419,0.2973395968039654
istc_mean_max_unique_per_sec,Mel_subband_amplitude_std_3,24,0.28899418807332,0.185390901126519,0.3443478260869564,0.1145656147574423,0.28899418807332
istc_mean_max_unique_per_sec,tonal_mode_Std,24,-0.2831576402484717,0.1944278064134418,-0.237391304347826,0.2766553179257143,0.2831576402484717
