target,feature,n,pearson_r,pearson_p,spearman_rho,spearman_p,spearman_fdr_q,abs_spearman_rho
tap_count_100ms,audio100_spectral_bandwidth_hz,24816,-0.08325328010129143,2.017670700757732e-39,-0.03580704978644017,1.6784834950146104e-08,1.5106351455131494e-07,0.03580704978644017
tap_count_100ms,audio100_spectral_centroid_hz,24816,-0.0766420031335045,1.183249949490666e-33,-0.03436316303175266,6.142998700308273e-08,2.764349415138723e-07,0.03436316303175266
tap_count_100ms,audio100_rms,24816,0.0456565806069615,6.213456698119154e-13,0.03110095573949258,9.56896413385307e-07,2.870689240155921e-06,0.03110095573949258
tap_count_100ms,mir100_centroid,24705,-0.06021654666975526,2.723146220130948e-21,-0.025314495422384672,6.911143866499086e-05,0.00015550073699622944,0.025314495422384672
tap_count_100ms,mir100_brightness,24705,-0.028794169981085267,5.996107993403593e-06,-0.019238135459888527,0.002495033170824635,0.004200507751985573,0.019238135459888527
tap_count_100ms,mir100_roughness,24792,0.01607424059522956,0.011373735830807155,0.018981495787189898,0.0028003385013237155,0.004200507751985573,0.018981495787189898
tap_count_100ms,audio100_spectral_rolloff_hz,24816,-0.06712963708155692,3.4457151094628655e-26,-0.016717689016930017,0.008448376113546908,0.010862197860274595,0.016717689016930017
tap_count_100ms,audio100_onset_strength_proxy,24816,0.013290664840714669,0.03628866960044647,0.006734229191613607,0.2887771168601919,0.3248742564677159,0.006734229191613607
tap_count_100ms,audio100_zero_crossing_rate,24816,-0.021320814752247515,0.0007825315915602568,0.0051077307298202064,0.4210560906213922,0.4210560906213922,0.0051077307298202064
