target,feature,n,pearson_r,pearson_p,spearman_rho,spearman_p,spearman_fdr_q,abs_spearman_rho
tap_count_100ms,audio100_spectral_bandwidth_hz,24816,-0.08073127102914593,3.644005532133337e-37,-0.0475189113322031,6.910863260856441e-14,6.219776934770797e-13,0.0475189113322031
tap_count_100ms,audio100_zero_crossing_rate,24816,0.0017365745157029,0.7844299569107763,0.03351123379135702,1.289912019002585e-07,5.804604085511632e-07,0.03351123379135702
tap_count_100ms,audio100_onset_strength_proxy,24816,0.012423169084827426,0.050346227672174504,0.03203570483112295,4.4726291225571525e-07,1.341788736767146e-06,0.03203570483112295
tap_count_100ms,audio100_rms,24816,0.033142183603166384,1.7691387768471586e-07,0.01952580280170061,0.0020975806717305904,0.004719556511393828,0.01952580280170061
tap_count_100ms,mir100_centroid,24705,-0.05132470564312729,6.913386198215312e-16,-0.013319893136021131,0.036297024617854716,0.06533464431213849,0.013319893136021131
tap_count_100ms,mir100_roughness,24792,0.0007566027983811022,0.9051765472857947,0.01147219919272936,0.07086826405194432,0.10100794897477615,0.01147219919272936
tap_count_100ms,audio100_spectral_centroid_hz,24816,-0.06021561301229868,2.2242021632919557e-21,-0.011166863608668655,0.07856173809149256,0.10100794897477615,0.011166863608668655
tap_count_100ms,mir100_brightness,24705,-0.010755732215060529,0.09092651898025897,0.0010722219043340462,0.866173049947059,0.9472505798218224,0.0010722219043340462
tap_count_100ms,audio100_spectral_rolloff_hz,24816,-0.05371068135014709,2.5227013096505516e-17,0.00042000100578624,0.9472505798218223,0.9472505798218224,0.00042000100578624
