target,feature,standardized_beta_within_track,model_r2_within_track,n_complete_bins,n_tracks,abs_beta
istc_mean_max_unique_per_sec,mtb_ioi_cv,0.261851917320163,0.0339601155243367,9157,24,0.261851917320163
istc_mean_max_unique_per_sec,cv_midi_ioi,-0.1978351626187579,0.0339601155243367,9157,24,0.1978351626187579
istc_mean_max_unique_per_sec,mir_rms,0.0950194827368656,0.0339601155243367,9157,24,0.0950194827368656
istc_mean_max_unique_per_sec,approx_polyphony,0.0755641281526528,0.0339601155243367,9157,24,0.0755641281526528
istc_mean_max_unique_per_sec,onset_strength_mean,-0.0397820826291999,0.0339601155243367,9157,24,0.0397820826291999
istc_mean_max_unique_per_sec,mir_brightness,-0.0276017207226556,0.0339601155243367,9157,24,0.0276017207226556
istc_mean_max_unique_per_sec,mir_roughness,-0.0065832190851804,0.0339601155243367,9157,24,0.0065832190851804
