target,feature,standardized_beta_within_track,model_r2_within_track,n_complete_bins,n_tracks,abs_beta
istc_mean_max_unique_per_sec,mtb_ioi_cv,0.26185191732016305,0.033960115524336754,9157,24,0.26185191732016305
istc_mean_max_unique_per_sec,cv_midi_ioi,-0.19783516261875791,0.033960115524336754,9157,24,0.19783516261875791
istc_mean_max_unique_per_sec,n_note_onsets,0.14585514080861106,0.033960115524336754,9157,24,0.14585514080861106
istc_mean_max_unique_per_sec,mir_rms,0.09501948273686568,0.033960115524336754,9157,24,0.09501948273686568
istc_mean_max_unique_per_sec,approx_polyphony,0.07556412815265284,0.033960115524336754,9157,24,0.07556412815265284
istc_mean_max_unique_per_sec,onset_strength_mean,-0.03978208262919997,0.033960115524336754,9157,24,0.03978208262919997
istc_mean_max_unique_per_sec,mir_brightness,-0.027601720722655695,0.033960115524336754,9157,24,0.027601720722655695
istc_mean_max_unique_per_sec,mir_roughness,-0.0065832190851804395,0.033960115524336754,9157,24,0.0065832190851804395
